supplier,delivery_delay_days,order_id,sales
Anna Andreadi,32.58788635654074,3203,725457.8245
Cassandra Brandow,34.12530864197531,1620,391721.905
Chuck Magee,35.225070224719104,2848,678781.24
Kelly Williams,36.97804563065002,2323,501239.8908
